"EMID","Name","Set","Set Code","type","Reg Qty","Foil Qty","Acquired Price","Language","Date Acquired","Condition"
"134185","Hidetsugu, Devouring Chaos (Neon Red)","Kamigawa: Neon Dynasty","NEO","Legendary Creature — Ogre Demon","","","","EN","",""
"134186","Hidetsugu, Devouring Chaos (Neon Green)","Kamigawa: Neon Dynasty","NEO","Legendary Creature — Ogre Demon","","","","EN","",""
"134378","The Wandering Emperor (Showcase) (Foil Etched)","Kamigawa: Neon Dynasty","NEO","Legendary Planeswalker","","","","EN","",""
"134184","Hidetsugu, Devouring Chaos (Neon Yellow) (WPN Exclusive)","Kamigawa: Neon Dynasty","NEO","Legendary Creature — Ogre Demon","","","","EN","",""
"134040","The Wandering Emperor (Showcase)","Kamigawa: Neon Dynasty","NEO","Legendary Planeswalker","","","","EN","",""
"134187","Hidetsugu, Devouring Chaos (Neon Blue)","Kamigawa: Neon Dynasty","NEO","Legendary Creature — Ogre Demon","","","","EN","",""
"134386","Jin-Gitaxias, Progress Tyrant (Phyrexian) (Foil Etched)","Kamigawa: Neon Dynasty","NEO","Legendary Creature — Phyrexian Praetor","","","","EN","",""
"134225","Boseiju, Who Endures (Borderless)","Kamigawa: Neon Dynasty","NEO","Legendary Land","","","","EN","",""
"134224","Boseiju, Who Endures (Extended Art)","Kamigawa: Neon Dynasty","NEO","Legendary Land","","","","EN","",""
"134041","The Wandering Emperor (Borderless)","Kamigawa: Neon Dynasty","NEO","Legendary Planeswalker","","","","EN","",""
"134385","Kaito Shizuki (Showcase) (Foil Etched)","Kamigawa: Neon Dynasty","NEO","Legendary Planeswalker — Kaito","","","","EN","",""
"134009","Boseiju, Who Endures","Kamigawa: Neon Dynasty","neo","Legendary Land","","","","EN","",""
"133785","The Wandering Emperor","Kamigawa: Neon Dynasty","neo","Legendary Planeswalker","","","","EN","",""
"134405","Goblin Shaman Token","Kamigawa: Neon Dynasty","NEO","Token Creature — Goblin Shaman","","","","EN","",""
"134160","Jin-Gitaxias, Progress Tyrant (Phyrexian)","Kamigawa: Neon Dynasty","NEO","Legendary Creature — Phyrexian Praetor","","","","EN","",""
"134380","Tamiyo, Compleated Sage (Phyrexian) (Foil Etched)","Kamigawa: Neon Dynasty","NEO","Legendary Planeswalker — Tamiyo","","","","EN","",""
"134159","Jin-Gitaxias, Progress Tyrant (Showcase)","Kamigawa: Neon Dynasty","NEO","Legendary Creature — Phyrexian Praetor","","","","EN","",""
"134205","Fable of the Mirror-Breaker (Showcase)","Kamigawa: Neon Dynasty","NEO","Enchantment — Saga // Enchantment Creature — Goblin Shaman","","","","EN","",""
"134387","Farewell (Showcase) (Foil Etched)","Kamigawa: Neon Dynasty","NEO","Sorcery","","","","EN","",""
"134206","Fable of the Mirror-Breaker (Extended Art)","Kamigawa: Neon Dynasty","NEO","Enchantment — Saga // Enchantment Creature — Goblin Shaman","","","","EN","",""
"134101","Otawara, Soaring City (Borderless)","Kamigawa: Neon Dynasty","NEO","Legendary Land","","","","EN","",""
"134150","Kaito Shizuki (Showcase)","Kamigawa: Neon Dynasty","NEO","Legendary Planeswalker — Kaito","","","","EN","",""
"133884","Fable of the Mirror-Breaker","Kamigawa: Neon Dynasty","neo","Enchantment — Saga // Enchantment Creature — Goblin Shaman","","","","EN","",""
"134100","Otawara, Soaring City (Extended Art)","Kamigawa: Neon Dynasty","NEO","Legendary Land","","","","EN","",""
"134383","Nashi, Moon Sage's Scion (Showcase) (Foil Etched)","Kamigawa: Neon Dynasty","NEO","Legendary Creature — Rat Ninja","","","","EN","",""
"134379","Tezzeret, Betrayer of Flesh (Showcase) (Foil Etched)","Kamigawa: Neon Dynasty","NEO","Legendary Planeswalker — Tezzeret","","","","EN","",""
"134014","Otawara, Soaring City","Kamigawa: Neon Dynasty","neo","Legendary Land","","","","EN","",""
"134384","Kodama of the West Tree (Showcase) (Foil Etched)","Kamigawa: Neon Dynasty","NEO","Legendary Creature — Spirit","","","","EN","",""
"134161","Jin-Gitaxias, Progress Tyrant (Extended Art)","Kamigawa: Neon Dynasty","NEO","Legendary Creature — Phyrexian Praetor","","","","EN","",""
"134927","Samurai (003) // Goblin Shaman (008) Double-sided Token","Kamigawa: Neon Dynasty","NEO","Token","","","","EN","",""
"134233","Atsushi, the Blazing Sky (Borderless)","Kamigawa: Neon Dynasty","NEO","Legendary Creature — Dragon Spirit","","","","EN","",""
"134151","Kaito Shizuki (Borderless)","Kamigawa: Neon Dynasty","NEO","Legendary Planeswalker — Kaito","","","","EN","",""
"134155","Junji, the Midnight Sky (Borderless)","Kamigawa: Neon Dynasty","NEO","Legendary Creature — Dragon Spirit","","","","EN","",""
"134203","Farewell (Extended Art)","Kamigawa: Neon Dynasty","NEO","Sorcery","","","","EN","",""
"133802","Jin-Gitaxias, Progress Tyrant","Kamigawa: Neon Dynasty","neo","Legendary Creature — Phyrexian Praetor","","","","EN","",""
"134056","Tamiyo, Compleated Sage (Phyrexian)","Kamigawa: Neon Dynasty","NEO","Legendary Planeswalker — Tamiyo","","","","EN","",""
"134202","Farewell (Showcase)","Kamigawa: Neon Dynasty","NEO","Sorcery","","","","EN","",""
"134061","Takenuma, Abandoned Mire (Borderless)","Kamigawa: Neon Dynasty","NEO","Legendary Land","","","","EN","",""
"133756","Farewell","Kamigawa: Neon Dynasty","neo","Sorcery","","","","EN","",""
"134210","Eiganjo, Seat of the Empire (Borderless)","Kamigawa: Neon Dynasty","NEO","Legendary Land","","","","EN","",""
"134389","Blade of the Oni (Showcase) (Foil Etched)","Kamigawa: Neon Dynasty","NEO","Artifact Creature — Equipment Demon","","","","EN","",""
"133969","Kaito Shizuki","Kamigawa: Neon Dynasty","neo","Legendary Planeswalker — Kaito","","","","EN","",""
"134232","Atsushi, the Blazing Sky (Extended Art)","Kamigawa: Neon Dynasty","NEO","Legendary Creature — Dragon Spirit","","","","EN","",""
"134057","Tamiyo, Compleated Sage (Borderless)","Kamigawa: Neon Dynasty","NEO","Legendary Planeswalker — Tamiyo","","","","EN","",""
"134154","Junji, the Midnight Sky (Extended Art)","Kamigawa: Neon Dynasty","NEO","Legendary Creature — Dragon Spirit","","","","EN","",""
"133877","Atsushi, the Blazing Sky","Kamigawa: Neon Dynasty","neo","Legendary Creature — Dragon Spirit","","","","EN","",""
"134107","Nashi, Moon Sage's Scion (Showcase)","Kamigawa: Neon Dynasty","NEO","Legendary Creature — Rat Ninja","","","","EN","",""
"134051","Tezzeret, Betrayer of Flesh (Borderless)","Kamigawa: Neon Dynasty","NEO","Legendary Planeswalker — Tezzeret","","","","EN","",""
"134145","Kodama of the West Tree (Showcase)","Kamigawa: Neon Dynasty","NEO","Legendary Creature — Spirit","","","","EN","",""
"134142","Kura, the Boundless Sky (Borderless)","Kamigawa: Neon Dynasty","NEO","Legendary Creature — Dragon Spirit","","","","EN","",""
"134060","Takenuma, Abandoned Mire (Extended Art)","Kamigawa: Neon Dynasty","NEO","Legendary Land","","","","EN","",""
"134146","Kodama of the West Tree (Extended Art)","Kamigawa: Neon Dynasty","NEO","Legendary Creature — Spirit","","","","EN","",""
"133942","Kodama of the West Tree","Kamigawa: Neon Dynasty","neo","Legendary Creature — Spirit","","","","EN","",""
"134382","Satoru Umezawa (Showcase) (Foil Etched)","Kamigawa: Neon Dynasty","NEO","Legendary Creature — Human Ninja","","","","EN","",""
"134050","Tezzeret, Betrayer of Flesh (Showcase)","Kamigawa: Neon Dynasty","NEO","Legendary Planeswalker — Tezzeret","","","","EN","",""
"133845","Junji, the Midnight Sky","Kamigawa: Neon Dynasty","neo","Legendary Creature — Dragon Spirit","","","","EN","",""
"134074","Sokenzan, Crucible of Defiance (Borderless)","Kamigawa: Neon Dynasty","NEO","Legendary Land","","","","EN","",""
"134129","March of Otherworldly Light (Showcase)","Kamigawa: Neon Dynasty","NEO","Instant","","","","EN","",""
"134021","Takenuma, Abandoned Mire","Kamigawa: Neon Dynasty","neo","Legendary Land","","","","EN","",""
"134189","Hidetsugu Consumes All (Showcase)","Kamigawa: Neon Dynasty","NEO","Enchantment — Saga // Enchantment Creature — Ogre Spirit","","","","EN","",""
"134209","Eiganjo, Seat of the Empire (Extended Art)","Kamigawa: Neon Dynasty","NEO","Legendary Land","","","","EN","",""
"134011","Eiganjo, Seat of the Empire","Kamigawa: Neon Dynasty","neo","Legendary Land","","","","EN","",""
"134088","Risona, Asari Commander (Showcase) (Foil Etched)","Kamigawa: Neon Dynasty","NEO","Legendary Creature — Human Samurai","","","","EN","",""
"134130","March of Otherworldly Light (Extended Art)","Kamigawa: Neon Dynasty","NEO","Instant","","","","EN","",""
"134044","The Reality Chip (Showcase)","Kamigawa: Neon Dynasty","NEO","Legendary Artifact Creature — Equipment Jellyfish","","","","EN","",""
"134153","Kairi, the Swirling Sky (Borderless)","Kamigawa: Neon Dynasty","NEO","Legendary Creature — Dragon Spirit","","","","EN","",""
"134135","Lion Sash (Showcase)","Kamigawa: Neon Dynasty","NEO","Artifact Creature — Equipment Cat","","","","EN","",""
"134236","Ao, the Dawn Sky (Borderless)","Kamigawa: Neon Dynasty","NEO","Legendary Creature — Dragon Spirit","","","","EN","",""
"134388","Explosive Singularity (Showcase) (Foil Etched)","Kamigawa: Neon Dynasty","NEO","Sorcery","","","","EN","",""
"133771","March of Otherworldly Light","Kamigawa: Neon Dynasty","neo","Instant","","","","EN","",""
"134190","Hidetsugu Consumes All (Extended Art)","Kamigawa: Neon Dynasty","NEO","Enchantment — Saga // Enchantment Creature — Ogre Spirit","","","","EN","",""
"134108","Nashi, Moon Sage's Scion (Extended Art)","Kamigawa: Neon Dynasty","NEO","Legendary Creature — Rat Ninja","","","","EN","",""
"134141","Kura, the Boundless Sky (Extended Art)","Kamigawa: Neon Dynasty","NEO","Legendary Creature — Dragon Spirit","","","","EN","",""
"133857","Nashi, Moon Sage's Scion","Kamigawa: Neon Dynasty","neo","Legendary Creature — Rat Ninja","","","","EN","",""
"134162","Isshin, Two Heavens as One (Showcase)","Kamigawa: Neon Dynasty","NEO","Legendary Creature — Human Samurai","","","","EN","",""
"134064","Swamp (298) - JP Full Art","Kamigawa: Neon Dynasty","NEO","Basic Land — Swamp","","","","EN","",""
"134019","Sokenzan, Crucible of Defiance","Kamigawa: Neon Dynasty","neo","Legendary Land","","","","EN","",""
"134194","Greasefang, Okiba Boss (Showcase)","Kamigawa: Neon Dynasty","NEO","Legendary Creature — Rat Pilot","","","","EN","",""
"134045","The Reality Chip (Extended Art)","Kamigawa: Neon Dynasty","NEO","Legendary Artifact Creature — Equipment Jellyfish","","","","EN","",""
"134073","Sokenzan, Crucible of Defiance (Extended Art)","Kamigawa: Neon Dynasty","NEO","Legendary Land","","","","EN","",""
"133827","Tezzeret, Betrayer of Flesh","Kamigawa: Neon Dynasty","neo","Legendary Planeswalker — Tezzeret","","","","EN","",""
"134018","Secluded Courtyard","Kamigawa: Neon Dynasty","neo","Land","","","","EN","",""
"133943","Kura, the Boundless Sky","Kamigawa: Neon Dynasty","neo","Legendary Creature — Dragon Spirit","","","","EN","",""
"134946","Spirit (002) // Mechtitan (014) Double-sided Token","Kamigawa: Neon Dynasty","NEO","Token Creature — Spirit","","","","EN","",""
"134166","Island (296) - JP Full Art","Kamigawa: Neon Dynasty","NEO","Basic Land — Island","","","","EN","",""
"134401","Ninja Token","Kamigawa: Neon Dynasty","NEO","Token Creature — Ninja","","","","EN","",""
"134113","Mountain (299) - JP Full Art","Kamigawa: Neon Dynasty","NEO","Basic Land — Mountain","","","","EN","",""
"133964","Hidetsugu Consumes All","Kamigawa: Neon Dynasty","neo","Enchantment — Saga // Enchantment Creature — Ogre Shaman","","","","EN","",""
"134097","Plains (293) - JP Full Art","Kamigawa: Neon Dynasty","NEO","Basic Land — Plains","","","","EN","",""
"134063","Swamp (297) - JP Full Art","Kamigawa: Neon Dynasty","NEO","Basic Land — Swamp","","","","EN","",""
"134931","Samurai (003) // Ninja (004) Double-sided Token","Kamigawa: Neon Dynasty","NEO","Token","","","","EN","",""
"134930","Samurai (003) // Mechtitan (014) Double-sided Token","Kamigawa: Neon Dynasty","NEO","Token","","","","EN","",""
"134117","Mirror Box (Showcase)","Kamigawa: Neon Dynasty","NEO","Artifact","","","","EN","",""
"134038","Thousand-Faced Shadow (Showcase)","Kamigawa: Neon Dynasty","NEO","Creature — Human Ninja","","","","EN","",""
"134118","Mirror Box (Extended Art)","Kamigawa: Neon Dynasty","NEO","Artifact","","","","EN","",""
"134402","Mechtitan Token","Kamigawa: Neon Dynasty","NEO","Token Legendary Artifact Creature — Construct","","","","EN","",""
"134136","Lion Sash (Extended Art)","Kamigawa: Neon Dynasty","NEO","Artifact Creature — Equipment Cat","","","","EN","",""
"133817","The Reality Chip","Kamigawa: Neon Dynasty","neo","Legendary Artifact Creature — Equipment Jellyfish","","","","EN","",""
"134165","Island (295) - JP Full Art","Kamigawa: Neon Dynasty","NEO","Basic Land — Island","","","","EN","",""
"134235","Ao, the Dawn Sky (Extended Art)","Kamigawa: Neon Dynasty","NEO","Legendary Creature — Dragon Spirit","","","","EN","",""
"133981","Tamiyo, Compleated Sage","Kamigawa: Neon Dynasty","neo","Legendary Planeswalker — Tamiyo","","","","EN","",""
"133993","Mirror Box","Kamigawa: Neon Dynasty","neo","Artifact","","","","EN","",""
"134125","March of Swirling Mist (Showcase)","Kamigawa: Neon Dynasty","NEO","Instant","","","","EN","",""
"134137","Light-Paws, Emperor's Voice (Showcase)","Kamigawa: Neon Dynasty","NEO","Legendary Creature — Fox Advisor","","","","EN","",""
"134201","Forest (302) - JP Full Art","Kamigawa: Neon Dynasty","NEO","Basic Land — Forest","","","","EN","",""
"134121","Mechtitan Core (Showcase)","Kamigawa: Neon Dynasty","NEO","Artifact — Vehicle","","","","EN","",""
"134227","Blade of the Oni (Showcase)","Kamigawa: Neon Dynasty","NEO","Artifact Creature — Equipment Demon","","","","EN","",""
"134098","Plains (294) - JP Full Art","Kamigawa: Neon Dynasty","NEO","Basic Land — Plains","","","","EN","",""
"134157","Jugan Defends the Temple (Showcase)","Kamigawa: Neon Dynasty","NEO","Enchantment — Saga // Enchantment Creature — Dragon Spirit","","","","EN","",""
"134093","Raiyuu, Storm's Edge (Showcase)","Kamigawa: Neon Dynasty","NEO","Legendary Creature — Human Samurai","","","","EN","",""
"134133","Lizard Blades (Showcase)","Kamigawa: Neon Dynasty","NEO","Artifact Creature — Equipment Lizard","","","","EN","",""
"134196","Goro-Goro, Disciple of Ryusei (Showcase)","Kamigawa: Neon Dynasty","NEO","Legendary Creature — Goblin Samurai","","","","EN","",""
"133769","Lion Sash","Kamigawa: Neon Dynasty","neo","Artifact Creature — Equipment Cat","","","","EN","",""
"134091","Reckoner Bankbuster (Showcase)","Kamigawa: Neon Dynasty","NEO","Artifact — Vehicle","","","","EN","",""
"134945","Spirit (002) // Keimi (013) Double-sided Token","Kamigawa: Neon Dynasty","NEO","Token Creature — Spirit","","","","EN","",""
"134046","The Kami War (Showcase)","Kamigawa: Neon Dynasty","NEO","Enchantment — Saga // Enchantment Creature — Dragon Spirit","","","","EN","",""
"134152","Kairi, the Swirling Sky (Extended Art)","Kamigawa: Neon Dynasty","NEO","Legendary Creature — Dragon Spirit","","","","EN","",""
"134114","Mountain (300) - JP Full Art","Kamigawa: Neon Dynasty","NEO","Basic Land — Mountain","","","","EN","",""
"134195","Greasefang, Okiba Boss (Extended Art)","Kamigawa: Neon Dynasty","NEO","Legendary Creature — Rat Pilot","","","","EN","",""
"134929","Samurai (003) // Keimi (013) Double-sided Token","Kamigawa: Neon Dynasty","NEO","Token","","","","EN","",""
"134126","March of Swirling Mist (Extended Art)","Kamigawa: Neon Dynasty","NEO","Instant","","","","EN","",""
"134181","Hinata, Dawn-Crowned (Showcase)","Kamigawa: Neon Dynasty","NEO","Legendary Creature — Kirin Spirit","","","","EN","",""
"133745","Ao, the Dawn Sky","Kamigawa: Neon Dynasty","neo","Legendary Creature — Dragon Spirit","","","","EN","",""
"134158","Jugan Defends the Temple (Extended Art)","Kamigawa: Neon Dynasty","NEO","Enchantment — Saga // Enchantment Creature — Dragon Spirit","","","","EN","",""
"134163","Isshin, Two Heavens as One (Extended Art)","Kamigawa: Neon Dynasty","NEO","Legendary Creature — Human Samurai","","","","EN","",""
"134200","Forest (301) - JP Full Art","Kamigawa: Neon Dynasty","NEO","Basic Land — Forest","","","","EN","",""
"134229","Blade of the Oni (Extended Art)","Kamigawa: Neon Dynasty","NEO","Artifact Creature — Equipment Demon","","","","EN","",""
"134047","The Kami War (Extended Art)","Kamigawa: Neon Dynasty","NEO","Enchantment — Saga // Enchantment Creature — Dragon Spirit","","","","EN","",""
"134222","Brilliant Restoration (Showcase)","Kamigawa: Neon Dynasty","NEO","Sorcery","","","","EN","",""
"134173","Invoke Despair (Showcase)","Kamigawa: Neon Dynasty","NEO","Sorcery","","","","EN","",""
"134403","Keimi Token","Kamigawa: Neon Dynasty","NEO","Token Legendary Creature — Frog","","","","EN","",""
"133937","Jugan Defends the Temple","Kamigawa: Neon Dynasty","neo","Enchantment — Saga // Enchantment Creature — Dragon Spirit","","","","EN","",""
"134042","The Restoration of Eiganjo (Showcase)","Kamigawa: Neon Dynasty","NEO","Enchantment — Saga // Enchantment Creature — Fox Monk","","","","EN","",""
"134032","Weaver of Harmony (Extended Art)","Kamigawa: Neon Dynasty","NEO","Enchantment Creature - Snake Druid","","","","EN","",""
"133804","March of Swirling Mist","Kamigawa: Neon Dynasty","neo","Instant","","","","EN","",""
"134092","Reckoner Bankbuster (Extended Art)","Kamigawa: Neon Dynasty","NEO","Artifact — Vehicle","","","","EN","",""
"133803","Kairi, the Swirling Sky","Kamigawa: Neon Dynasty","neo","Legendary Creature — Dragon Spirit","","","","EN","",""
"133998","Reckoner Bankbuster","Kamigawa: Neon Dynasty","neo","Artifact — Vehicle","","","","EN","",""
"134054","Tatsunari, Toad Rider (Showcase)","Kamigawa: Neon Dynasty","NEO","Legendary Creature — Human Ninja","","","","EN","",""
"134058","Tameshi, Reality Architect (Showcase)","Kamigawa: Neon Dynasty","NEO","Legendary Creature — Moonfolk Wizard","","","","EN","",""
"134070","Spirit-Sister's Call (Showcase)","Kamigawa: Neon Dynasty","NEO","Enchantment","","","","EN","",""
"134087","Risona, Asari Commander (Showcase)","Kamigawa: Neon Dynasty","NEO","Legendary Creature — Human Samurai","","","","EN","",""
"134174","Invoke Despair (Extended Art)","Kamigawa: Neon Dynasty","NEO","Sorcery","","","","EN","",""
"134197","Goro-Goro, Disciple of Ryusei (Extended Art)","Kamigawa: Neon Dynasty","NEO","Legendary Creature — Goblin Samurai","","","","EN","",""
"133832","Blade of the Oni","Kamigawa: Neon Dynasty","neo","Artifact Creature — Equipment Demon","","","","EN","",""
"134031","Weaver of Harmony (Showcase)","Kamigawa: Neon Dynasty","NEO","Enchantment Creature - Snake Druid","","","","EN","",""
"134039","Thousand-Faced Shadow (Extended Art)","Kamigawa: Neon Dynasty","NEO","Creature — Human Ninja","","","","EN","",""
"134134","Lizard Blades (Extended Art)","Kamigawa: Neon Dynasty","NEO","Artifact Creature — Equipment Lizard","","","","EN","",""
"134214","Eater of Virtue (Showcase)","Kamigawa: Neon Dynasty","NEO","Legendary Artifact — Equipment","","","","EN","",""
"133970","The Kami War","Kamigawa: Neon Dynasty","neo","Enchantment — Saga // Enchantment Creature — Dragon Spirit","","","","EN","",""
"134138","Light-Paws, Emperor's Voice (Extended Art)","Kamigawa: Neon Dynasty","NEO","Legendary Creature — Fox Advisor","","","","EN","",""
"134085","Satoru Umezawa (Showcase)","Kamigawa: Neon Dynasty","NEO","Legendary Creature — Human Ninja","","","","EN","",""
"134086","Satoru Umezawa (Extended Art)","Kamigawa: Neon Dynasty","NEO","Legendary Creature — Human Ninja","","","","EN","",""
"134207","Explosive Singularity (Showcase)","Kamigawa: Neon Dynasty","NEO","Sorcery","","","","EN","",""
"133956","Weaver of Harmony","Kamigawa: Neon Dynasty","neo","Enchantment Creature — Snake Druid","","","","EN","",""
"134071","Spirit-Sister's Call (Extended Art)","Kamigawa: Neon Dynasty","NEO","Enchantment","","","","EN","",""
"134182","Hinata, Dawn-Crowned (Extended Art)","Kamigawa: Neon Dynasty","NEO","Legendary Creature — Kirin Spirit","","","","EN","",""
"134119","Mindlink Mech (Showcase)","Kamigawa: Neon Dynasty","NEO","Artifact — Vehicle","","","","EN","",""
"134230","Biting-Palm Ninja (Showcase)","Kamigawa: Neon Dynasty","NEO","Creature — Human Ninja","","","","EN","",""
"134923","Samurai (003) // Construct (006) Double-sided Token","Kamigawa: Neon Dynasty","NEO","Token","","","","EN","",""
"133829","Thousand-Faced Shadow","Kamigawa: Neon Dynasty","neo","Creature — Human Ninja","","","","EN","",""
"133954","Tamiyo's Safekeeping","Kamigawa: Neon Dynasty","neo","Instant","","","","EN","",""
"134148","Kami of Transience (Showcase)","Kamigawa: Neon Dynasty","NEO","Creature — Spirit","","","","EN","",""
"133963","Greasefang, Okiba Boss","Kamigawa: Neon Dynasty","neo","Legendary Creature — Rat Pilot","","","","EN","",""
"134208","Explosive Singularity (Extended Art)","Kamigawa: Neon Dynasty","NEO","Sorcery","","","","EN","",""
"134077","Shigeki, Jukai Visionary (Showcase)","Kamigawa: Neon Dynasty","NEO","Legendary Enchantment Creature — Snake Druid","","","","EN","",""
"134183","Hidetsugu, Devouring Chaos (Showcase)","Kamigawa: Neon Dynasty","NEO","Legendary Creature — Ogre Demon","","","","EN","",""
"134143","Kotose, the Silent Spider (Showcase)","Kamigawa: Neon Dynasty","NEO","Legendary Creature — Human Ninja","","","","EN","",""
"134043","The Restoration of Eiganjo (Extended Art)","Kamigawa: Neon Dynasty","NEO","Enchantment — Saga // Enchantment Creature — Fox Monk","","","","EN","",""
"134083","Satsuki, the Living Lore (Showcase)","Kamigawa: Neon Dynasty","NEO","Legendary Creature — Human Druid","","","","EN","",""
"134220","Cloudsteel Kirin (Showcase)","Kamigawa: Neon Dynasty","NEO","Artifact Creature — Equipment Kirin","","","","EN","",""
"134123","March of Wretched Sorrow (Showcase)","Kamigawa: Neon Dynasty","NEO","Instant","","","","EN","",""
"134036","Thundering Raiju (Showcase)","Kamigawa: Neon Dynasty","NEO","Creature — Spirit","","","","EN","",""
"133896","Lizard Blades","Kamigawa: Neon Dynasty","neo","Artifact Creature — Equipment Lizard","","","","EN","",""
"134215","Eater of Virtue (Extended Art)","Kamigawa: Neon Dynasty","NEO","Legendary Artifact — Equipment","","","","EN","",""
"133986","Containment Construct","Kamigawa: Neon Dynasty","neo","Artifact Creature — Construct","","","","EN","",""
"134223","Brilliant Restoration (Extended Art)","Kamigawa: Neon Dynasty","NEO","Sorcery","","","","EN","",""
"133768","Light-Paws, Emperor's Voice","Kamigawa: Neon Dynasty","neo","Legendary Creature — Fox Advisor","","","","EN","",""
"134078","Shigeki, Jukai Visionary (Extended Art)","Kamigawa: Neon Dynasty","NEO","Legendary Enchantment Creature — Snake Druid","","","","EN","",""
"134175","Invoke Calamity (Showcase)","Kamigawa: Neon Dynasty","NEO","Sorcery","","","","EN","",""
"134124","March of Wretched Sorrow (Extended Art)","Kamigawa: Neon Dynasty","NEO","Instant","","","","EN","",""
"134065","Surgehacker Mech (Showcase)","Kamigawa: Neon Dynasty","NEO","Artifact — Vehicle","","","","EN","",""
"134140","Kyodai, Soul of Kamigawa (Borderless)","Kamigawa: Neon Dynasty","NEO","Legendary Creature — Dragon Spirit","","","","EN","",""
"134059","Tameshi, Reality Architect (Extended Art)","Kamigawa: Neon Dynasty","NEO","Legendary Creature — Moonfolk Wizard","","","","EN","",""
"134391","Tamiyo's Notebook Token","Kamigawa: Neon Dynasty","NEO","Token Legendary Artifact","","","","EN","",""
"134037","Thundering Raiju (Extended Art)","Kamigawa: Neon Dynasty","NEO","Creature — Spirit","","","","EN","",""
"134122","Mechtitan Core (Extended Art)","Kamigawa: Neon Dynasty","NEO","Artifact — Vehicle","","","","EN","",""
"134127","March of Reckless Joy (Showcase)","Kamigawa: Neon Dynasty","NEO","Instant","","","","EN","",""
"133980","Spirit-Sister's Call","Kamigawa: Neon Dynasty","neo","Enchantment","","","","EN","",""
"134109","Mukotai Soulripper (Showcase)","Kamigawa: Neon Dynasty","NEO","Artifact — Vehicle","","","","EN","",""
"133777","The Restoration of Eiganjo","Kamigawa: Neon Dynasty","neo","Enchantment — Saga // Enchantment Creature — Fox Monk","","","","EN","",""
"133844","Invoke Despair","Kamigawa: Neon Dynasty","neo","Sorcery","","","","EN","",""
"133865","Soul Transfer","Kamigawa: Neon Dynasty","neo","Sorcery","","","","EN","",""
"133883","Explosive Singularity","Kamigawa: Neon Dynasty","neo","Sorcery","","","","EN","",""
"133888","Goro-Goro, Disciple of Ryusei","Kamigawa: Neon Dynasty","neo","Legendary Creature — Goblin Samurai","","","","EN","",""
"133967","Isshin, Two Heavens as One","Kamigawa: Neon Dynasty","neo","Legendary Creature — Human Samurai","","","","EN","",""
"133977","Satoru Umezawa","Kamigawa: Neon Dynasty","neo","Legendary Creature — Human Ninja","","","","EN","",""
"133988","Eater of Virtue","Kamigawa: Neon Dynasty","neo","Legendary Artifact — Equipment","","","","EN","",""
"134055","Tatsunari, Toad Rider (Extended Art)","Kamigawa: Neon Dynasty","NEO","Legendary Creature — Human Ninja","","","","EN","",""
"134072","Soul Transfer (Showcase)","Kamigawa: Neon Dynasty","NEO","Sorcery","","","","EN","",""
"134081","Scrap Welder (Showcase)","Kamigawa: Neon Dynasty","NEO","Creature — Goblin Artificer","","","","EN","",""
"134094","Raiyuu, Storm's Edge (Extended Art)","Kamigawa: Neon Dynasty","NEO","Legendary Creature — Human Samurai","","","","EN","",""
"134102","Ogre-Head Helm (Showcase)","Kamigawa: Neon Dynasty","NEO","Artifact Creature — Equipment Ogre","","","","EN","",""
"134128","March of Reckless Joy (Extended Art)","Kamigawa: Neon Dynasty","NEO","Instant","","","","EN","",""
"134139","Kyodai, Soul of Kamigawa (Extended Art)","Kamigawa: Neon Dynasty","NEO","Legendary Creature — Dragon Spirit","","","","EN","",""
"134149","Kami of Transience (Extended Art)","Kamigawa: Neon Dynasty","NEO","Creature — Spirit","","","","EN","",""
"134171","Invoke Justice (Showcase)","Kamigawa: Neon Dynasty","NEO","Sorcery","","","","EN","",""
"134176","Invoke Calamity (Extended Art)","Kamigawa: Neon Dynasty","NEO","Sorcery","","","","EN","",""
"134188","Hidetsugu, Devouring Chaos (Extended Art)","Kamigawa: Neon Dynasty","NEO","Legendary Creature — Ogre Demon","","","","EN","",""
"134221","Cloudsteel Kirin (Extended Art)","Kamigawa: Neon Dynasty","NEO","Artifact Creature — Equipment Kirin","","","","EN","",""
"134381","Soul Transfer (Extended Art)","Kamigawa: Neon Dynasty","NEO","Sorcery","","","","EN","",""
"134407","Emblem — Kaito Shizuki","Kamigawa: Neon Dynasty","NEO","Emblem","","","","EN","",""
"133750","Brilliant Restoration","Kamigawa: Neon Dynasty","neo","Sorcery","","","","EN","",""
"133965","Hinata, Dawn-Crowned","Kamigawa: Neon Dynasty","neo","Legendary Creature — Kirin Spirit","","","","EN","",""
"133992","Mechtitan Core","Kamigawa: Neon Dynasty","neo","Artifact — Vehicle","","","","EN","",""
"134034","Tribute to Horobi (Showcase)","Kamigawa: Neon Dynasty","NEO","Enchantment — Saga // Enchantment Creature — Spirit","","","","EN","",""
"134084","Satsuki, the Living Lore (Extended Art)","Kamigawa: Neon Dynasty","NEO","Legendary Creature — Human Druid","","","","EN","",""
"134120","Mindlink Mech (Extended Art)","Kamigawa: Neon Dynasty","NEO","Artifact — Vehicle","","","","EN","",""
"134167","Invoke the Winds (Showcase)","Kamigawa: Neon Dynasty","NEO","Sorcery","","","","EN","",""
"134172","Invoke Justice (Extended Art)","Kamigawa: Neon Dynasty","NEO","Sorcery","","","","EN","",""
"134177","Inventive Iteration (Showcase)","Kamigawa: Neon Dynasty","NEO","Enchantment — Saga // Enchantment Creature — Moonfolk","","","","EN","",""
"134231","Biting-Palm Ninja (Extended Art)","Kamigawa: Neon Dynasty","NEO","Creature — Human Ninja","","","","EN","",""
"133940","Kami of Transience","Kamigawa: Neon Dynasty","neo","Creature — Spirit","","","","EN","",""
"133949","Shigeki, Jukai Visionary","Kamigawa: Neon Dynasty","neo","Legendary Enchantment Creature — Snake Druid","","","","EN","",""
"134144","Kotose, the Silent Spider (Extended Art)","Kamigawa: Neon Dynasty","NEO","Legendary Creature — Human Ninja","","","","EN","",""
"134406","Emblem — Tezzeret, Betrayer of Flesh","Kamigawa: Neon Dynasty","NEO","Emblem","","","","EN","",""
"134082","Scrap Welder (Extended Art)","Kamigawa: Neon Dynasty","NEO","Creature — Goblin Artificer","","","","EN","",""
"134408","Dragon Spirit Token","Kamigawa: Neon Dynasty","NEO","Token Creature — Dragon Spirit","","","","EN","",""
"134069","Spring-Leaf Avenger (Extended Art)","Kamigawa: Neon Dynasty","NEO","Creature — Insect Ninja","","","","EN","",""
"134170","Invoke the Ancients (Extended Art)","Kamigawa: Neon Dynasty","NEO","Sorcery","","","","EN","",""
"133909","Thundering Raiju","Kamigawa: Neon Dynasty","neo","Creature — Spirit","","","","EN","",""
"133968","Jukai Naturalist","Kamigawa: Neon Dynasty","neo","Enchantment Creature — Human Monk","","","","EN","",""
"134048","The Dragon-Kami Reborn (Showcase)","Kamigawa: Neon Dynasty","NEO","Enchantment — Saga // Enchantment Creature — Egg","","","","EN","",""
"134068","Spring-Leaf Avenger (Showcase)","Kamigawa: Neon Dynasty","NEO","Creature — Insect Ninja","","","","EN","",""
"134110","Mukotai Soulripper (Extended Art)","Kamigawa: Neon Dynasty","NEO","Artifact — Vehicle","","","","EN","",""
"134132","March of Burgeoning Life (Extended Art)","Kamigawa: Neon Dynasty","NEO","Instant","","","","EN","",""
"134169","Invoke the Ancients (Showcase)","Kamigawa: Neon Dynasty","NEO","Sorcery","","","","EN","",""
"134211","Eiganjo Uprising (Showcase)","Kamigawa: Neon Dynasty","NEO","Sorcery","","","","EN","",""
"133825","Tameshi, Reality Architect","Kamigawa: Neon Dynasty","neo","Legendary Creature — Moonfolk Wizard","","","","EN","",""
"133881","Experimental Synthesizer","Kamigawa: Neon Dynasty","neo","Artifact","","","","EN","",""
"134066","Surgehacker Mech (Extended Art)","Kamigawa: Neon Dynasty","NEO","Artifact — Vehicle","","","","EN","",""
"134131","March of Burgeoning Life (Showcase)","Kamigawa: Neon Dynasty","NEO","Instant","","","","EN","",""
"134178","Inventive Iteration (Extended Art)","Kamigawa: Neon Dynasty","NEO","Enchantment — Saga // Enchantment Creature — Moonfolk","","","","EN","",""
"134943","Spirit (002) // Emblem - Tezzeret, Betrayer of Flesh Double-sided Token","Kamigawa: Neon Dynasty","NEO","Token Creature — Spirit","","","","EN","",""
"133997","Patchwork Automaton","Kamigawa: Neon Dynasty","neo","Artifact Creature — Construct","","","","EN","",""
"134052","Teachings of the Kirin (Showcase)","Kamigawa: Neon Dynasty","NEO","Enchantment — Saga // Enchantment Creature — Snake Monk","","","","EN","",""
"134089","Risona, Asari Commander (Extended Art)","Kamigawa: Neon Dynasty","NEO","Legendary Creature — Human Samurai","","","","EN","",""
"134053","Teachings of the Kirin (Extended Art)","Kamigawa: Neon Dynasty","NEO","Enchantment — Saga // Enchantment Creature — Snake Monk","","","","EN","",""
"134951","Spirit (002) // Spirit (012) Double-sided Token","Kamigawa: Neon Dynasty","NEO","Token Creature — Spirit","","","","EN","",""
"133751","Cloudsteel Kirin","Kamigawa: Neon Dynasty","neo","Artifact Creature — Equipment Kirin","","","","EN","",""
"133764","Invoke Justice","Kamigawa: Neon Dynasty","neo","Sorcery","","","","EN","",""
"133890","Invoke Calamity","Kamigawa: Neon Dynasty","neo","Instant","","","","EN","",""
"133897","March of Reckless Joy","Kamigawa: Neon Dynasty","neo","Instant","","","","EN","",""
"134035","Tribute to Horobi (Extended Art)","Kamigawa: Neon Dynasty","NEO","Enchantment — Saga // Enchantment Creature — Spirit","","","","EN","",""
"134168","Invoke the Winds (Extended Art)","Kamigawa: Neon Dynasty","NEO","Sorcery","","","","EN","",""
"134212","Eiganjo Uprising (Extended Art)","Kamigawa: Neon Dynasty","NEO","Sorcery","","","","EN","",""
"134392","Spirit Token (012)","Kamigawa: Neon Dynasty","NEO","Token Creature — Spirit","","","","EN","",""
"133831","Biting-Palm Ninja","Kamigawa: Neon Dynasty","neo","Creature — Human Ninja","","","","EN","",""
"134015","Roadside Reliquary","Kamigawa: Neon Dynasty","neo","Land","","","","EN","",""
"134103","Ogre-Head Helm (Extended Art)","Kamigawa: Neon Dynasty","NEO","Artifact Creature — Equipment Ogre","","","","EN","",""
"133959","Colossal Skyturtle","Kamigawa: Neon Dynasty","neo","Enchantment Creature — Turtle","","","","EN","",""
"134013","Mech Hangar","Kamigawa: Neon Dynasty","neo","Land","","","","EN","",""
"133928","Generous Visitor","Kamigawa: Neon Dynasty","neo","Creature — Spirit","","","","EN","",""
"134942","Spirit (002) // Emblem - Kaito Shizuki Double-sided Token","Kamigawa: Neon Dynasty","NEO","Token Creature — Spirit","","","","EN","",""
"133766","Kyodai, Soul of Kamigawa","Kamigawa: Neon Dynasty","neo","Legendary Creature — Dragon Spirit","","","","EN","",""
"133805","Mindlink Mech","Kamigawa: Neon Dynasty","neo","Artifact — Vehicle","","","","EN","",""
"133842","Hidetsugu, Devouring Chaos","Kamigawa: Neon Dynasty","neo","Legendary Creature — Ogre Demon","","","","EN","",""
"133854","March of Wretched Sorrow","Kamigawa: Neon Dynasty","neo","Instant","","","","EN","",""
"133866","Tatsunari, Toad Rider","Kamigawa: Neon Dynasty","neo","Legendary Creature — Human Ninja","","","","EN","",""
"133900","Rabbit Battery","Kamigawa: Neon Dynasty","neo","Artifact Creature — Equipment Rabbit","","","","EN","",""
"133902","Scrap Welder","Kamigawa: Neon Dynasty","neo","Creature — Goblin Artificer","","","","EN","",""
"133924","The Dragon-Kami Reborn","Kamigawa: Neon Dynasty","neo","Enchantment — Saga // Enchantment Creature — Egg","","","","EN","",""
"133936","Invoke the Ancients","Kamigawa: Neon Dynasty","neo","Sorcery","","","","EN","",""
"133951","Spring-Leaf Avenger","Kamigawa: Neon Dynasty","neo","Creature — Insect Ninja","","","","EN","",""
"133975","Raiyuu, Storm's Edge","Kamigawa: Neon Dynasty","neo","Legendary Creature — Human Samurai","","","","EN","",""
"133978","Satsuki, the Living Lore","Kamigawa: Neon Dynasty","neo","Legendary Creature — Human Druid","","","","EN","",""
"134049","The Dragon-Kami Reborn (Extended Art)","Kamigawa: Neon Dynasty","NEO","Enchantment — Saga // Enchantment Creature — Egg","","","","EN","",""
"133801","Invoke the Winds","Kamigawa: Neon Dynasty","neo","Sorcery","","","","EN","",""
"133895","Kumano Faces Kakkazan","Kamigawa: Neon Dynasty","neo","Enchantment — Saga // Enchantment Creature — Human Shaman","","","","EN","",""
"133800","Inventive Iteration","Kamigawa: Neon Dynasty","neo","Enchantment — Saga // Enchantment Creature — Moonfolk","","","","EN","",""
"133971","Kotose, the Silent Spider","Kamigawa: Neon Dynasty","neo","Legendary Creature — Human Ninja","","","","EN","",""
"134003","Surgehacker Mech","Kamigawa: Neon Dynasty","neo","Artifact — Vehicle","","","","EN","",""
"133973","Oni-Cult Anvil","Kamigawa: Neon Dynasty","neo","Artifact","","","","EN","",""
"133867","Tribute to Horobi","Kamigawa: Neon Dynasty","neo","Enchantment — Saga // Enchantment Creature — Spirit","","","","EN","",""
"133960","Eiganjo Uprising","Kamigawa: Neon Dynasty","neo","Sorcery","","","","EN","",""
"133976","Risona, Asari Commander","Kamigawa: Neon Dynasty","neo","Legendary Creature — Human Samurai","","","","EN","",""
"134076","Silver-Fur Master (Showcase)","Kamigawa: Neon Dynasty","NEO","Creature — Rat Ninja","","","","EN","",""
"136347","Magic Minigame: Booster Sleuth","Kamigawa: Neon Dynasty","NEO","Token","","","","EN","",""
"133757","Go-Shintai of Shared Purpose","Kamigawa: Neon Dynasty","neo","Legendary Enchantment Creature — Shrine","","","","EN","",""
"133759","Hotshot Mechanic","Kamigawa: Neon Dynasty","neo","Artifact Creature — Fox Pilot","","","","EN","",""
"133774","Norika Yamazaki, the Poet","Kamigawa: Neon Dynasty","neo","Legendary Creature — Human Samurai","","","","EN","",""
"133781","Spirited Companion","Kamigawa: Neon Dynasty","neo","Enchantment Creature — Dog","","","","EN","",""
"133783","Touch the Spirit Realm","Kamigawa: Neon Dynasty","neo","Enchantment","","","","EN","",""
"133788","Anchor to Reality","Kamigawa: Neon Dynasty","neo","Sorcery","","","","EN","",""
"133798","Go-Shintai of Lost Wisdom","Kamigawa: Neon Dynasty","neo","Legendary Enchantment Creature — Shrine","","","","EN","",""
"133810","Moon-Circuit Hacker","Kamigawa: Neon Dynasty","neo","Enchantment Creature — Human Ninja","","","","EN","",""
"133816","Prosperous Thief","Kamigawa: Neon Dynasty","neo","Creature — Human Ninja","","","","EN","",""
"133818","Reality Heist","Kamigawa: Neon Dynasty","neo","Instant","","","","EN","",""
"133836","Dockside Chef","Kamigawa: Neon Dynasty","neo","Enchantment Creature — Human Citizen","","","","EN","",""
"133840","Go-Shintai of Hidden Cruelty","Kamigawa: Neon Dynasty","neo","Legendary Enchantment Creature — Shrine","","","","EN","",""
"133856","Mukotai Soulripper","Kamigawa: Neon Dynasty","neo","Artifact — Vehicle","","","","EN","",""
"133863","Reckoner's Bargain","Kamigawa: Neon Dynasty","neo","Instant","","","","EN","",""
"133880","Dragonspark Reactor","Kamigawa: Neon Dynasty","neo","Artifact","","","","EN","",""
"133887","Go-Shintai of Ancient Wars","Kamigawa: Neon Dynasty","neo","Legendary Enchantment Creature — Shrine","","","","EN","",""
"133898","Ogre-Head Helm","Kamigawa: Neon Dynasty","neo","Artifact Creature — Equipment Ogre","","","","EN","",""
"133901","Reinforced Ronin","Kamigawa: Neon Dynasty","neo","Artifact Creature — Human Samurai","","","","EN","",""
"133908","Tempered in Solitude","Kamigawa: Neon Dynasty","neo","Enchantment","","","","EN","",""
"133930","Go-Shintai of Boundless Vigor","Kamigawa: Neon Dynasty","neo","Legendary Enchantment Creature — Shrine","","","","EN","",""
"133944","March of Burgeoning Life","Kamigawa: Neon Dynasty","neo","Instant","","","","EN","",""
"133947","Roaring Earth","Kamigawa: Neon Dynasty","neo","Enchantment","","","","EN","",""
"133955","Teachings of the Kirin","Kamigawa: Neon Dynasty","neo","Enchantment — Saga // Enchantment Creature — Snake Monk","","","","EN","",""
"133961","Enthusiastic Mechanaut","Kamigawa: Neon Dynasty","neo","Artifact Creature — Goblin Artificer","","","","EN","",""
"133962","Gloomshrieker","Kamigawa: Neon Dynasty","neo","Enchantment Creature — Cat Beast","","","","EN","",""
"133966","Invigorating Hot Spring","Kamigawa: Neon Dynasty","neo","Enchantment","","","","EN","",""
"133979","Silver-Fur Master","Kamigawa: Neon Dynasty","neo","Creature — Rat Ninja","","","","EN","",""
"133985","Circuit Mender","Kamigawa: Neon Dynasty","neo","Artifact Creature — Insect","","","","EN","",""
"133990","High-Speed Hoverbike","Kamigawa: Neon Dynasty","neo","Artifact — Vehicle","","","","EN","",""
"134062","Swamp (288)","Kamigawa: Neon Dynasty","NEO","Basic Land — Swamp","","","","EN","",""
"134090","Reinforced Ronin (Showcase)","Kamigawa: Neon Dynasty","NEO","Artifact Creature — Human Samurai","","","","EN","",""
"134095","Prosperous Thief (Showcase)","Kamigawa: Neon Dynasty","NEO","Creature — Human Ninja","","","","EN","",""
"134393","Spirit Token (011)","Kamigawa: Neon Dynasty","NEO","Token Creature — Spirit","","","","EN","",""
"134947","Spirit (002) // Pilot (001) Double-sided Token","Kamigawa: Neon Dynasty","NEO","Token Creature — Spirit","","","","EN","",""
"134949","Spirit (002) // Spirit (009) Double-sided Token","Kamigawa: Neon Dynasty","NEO","Token Creature — Spirit","","","","EN","",""
"136348","Magic Minigame: Cyber Simulacrum","Kamigawa: Neon Dynasty","NEO","Token","","","","EN","",""
"133746","Banishing Slash","Kamigawa: Neon Dynasty","neo","Sorcery","","","","EN","",""
"133749","Born to Drive","Kamigawa: Neon Dynasty","neo","Enchantment — Aura","","","","EN","",""
"133772","Michiko's Reign of Truth","Kamigawa: Neon Dynasty","neo","Enchantment — Saga // Enchantment Creature — Human Noble","","","","EN","",""
"133838","Dokuchi Silencer","Kamigawa: Neon Dynasty","neo","Creature — Human Ninja","","","","EN","",""
"133841","Gravelighter","Kamigawa: Neon Dynasty","neo","Creature — Spirit","","","","EN","",""
"133849","Leech Gauntlet","Kamigawa: Neon Dynasty","neo","Artifact Creature — Equipment Leech","","","","EN","",""
"133974","Prodigy's Prototype","Kamigawa: Neon Dynasty","neo","Artifact — Vehicle","","","","EN","",""
"134080","Selfless Samurai (Showcase)","Kamigawa: Neon Dynasty","NEO","Creature — Fox Samurai","","","","EN","",""
"134192","Heiko Yamazaki, the General (Showcase)","Kamigawa: Neon Dynasty","NEO","Legendary Creature — Human Samurai","","","","EN","",""
"134216","Dokuchi Silencer (Showcase)","Kamigawa: Neon Dynasty","NEO","Creature — Human Ninja","","","","EN","",""
"134218","Covert Technician (Showcase)","Kamigawa: Neon Dynasty","NEO","Artifact Creature — Human Ninja","","","","EN","",""
"134914","Helper Card - 1/9","Kamigawa: Neon Dynasty","NEO","Token","","","","EN","",""
"134915","Helper Card - 2/9","Kamigawa: Neon Dynasty","NEO","Token","","","","EN","",""
"133815","Planar Incision","Kamigawa: Neon Dynasty","neo","Instant","","","","EN","",""
"133823","Spell Pierce","Kamigawa: Neon Dynasty","neo","Instant","","","","EN","",""
"133830","Assassin's Ink","Kamigawa: Neon Dynasty","neo","Instant","","","","EN","",""
"134010","Dismal Backwater","Kamigawa: Neon Dynasty","NEO","Land","","","","EN","",""
"134234","Asari Captain (Showcase)","Kamigawa: Neon Dynasty","NEO","Creature — Human Samurai","","","","EN","",""
"134916","Helper Card - 3/9","Kamigawa: Neon Dynasty","NEO","Token","","","","EN","",""
"134917","Helper Card - 4/9","Kamigawa: Neon Dynasty","NEO","Token","","","","EN","",""
"134920","Helper Card - 7/9","Kamigawa: Neon Dynasty","NEO","Token","","","","EN","",""
"134925","Samurai (003) // Emblem - Kaito Shizuki Double-sided Token","Kamigawa: Neon Dynasty","NEO","Token","","","","EN","",""
"134935","Samurai (003) // Spirit (011) Double-sided Token","Kamigawa: Neon Dynasty","NEO","Token","","","","EN","",""
"133778","Selfless Samurai","Kamigawa: Neon Dynasty","neo","Creature — Fox Samurai","","","","EN","",""
"133812","Moonsnare Prototype","Kamigawa: Neon Dynasty","neo","Artifact","","","","EN","",""
"133819","Replication Specialist","Kamigawa: Neon Dynasty","neo","Creature — Moonfolk Artificer","","","","EN","",""
"133859","Nezumi Prowler","Kamigawa: Neon Dynasty","neo","Artifact Creature — Rat Ninja","","","","EN","",""
"134016","Rugged Highlands","Kamigawa: Neon Dynasty","NEO","Land","","","","EN","",""
"134017","Scoured Barrens","Kamigawa: Neon Dynasty","NEO","Land","","","","EN","",""
"134028","Swamp (287)","Kamigawa: Neon Dynasty","neo","Basic Land — Swamp","","","","EN","",""
"134105","Nezumi Prowler (Showcase)","Kamigawa: Neon Dynasty","NEO","Artifact Creature — Rat Ninja","","","","EN","",""
"134399","Rat Rogue Token","Kamigawa: Neon Dynasty","NEO","Token Creature — Rat Rogue","","","","EN","",""
"134918","Helper Card - 5/9","Kamigawa: Neon Dynasty","NEO","Token","","","","EN","",""
"134919","Helper Card - 6/9","Kamigawa: Neon Dynasty","NEO","Token","","","","EN","",""
"133941","Kappa Tech-Wrecker","Kamigawa: Neon Dynasty","neo","Creature — Turtle Ninja","","","","EN","",""
"133950","Spinning Wheel Kick","Kamigawa: Neon Dynasty","neo","Sorcery","","","","EN","",""
"134937","Samurai (003) // Tamiyo's Notebook (016) Double-sided Token","Kamigawa: Neon Dynasty","NEO","Token","","","","EN","",""
"133748","Blade-Blizzard Kitsune","Kamigawa: Neon Dynasty","neo","Creature — Fox Ninja","","","","EN","",""
"133761","Imperial Recovery Unit","Kamigawa: Neon Dynasty","neo","Artifact — Vehicle","","","","EN","",""
"133780","Sky-Blessed Samurai","Kamigawa: Neon Dynasty","neo","Enchantment Creature — Human Samurai","","","","EN","",""
"133786","When We Were Young","Kamigawa: Neon Dynasty","neo","Instant","","","","EN","",""
"133787","Acquisition Octopus","Kamigawa: Neon Dynasty","neo","Artifact Creature — Equipment Octopus","","","","EN","",""
"133790","Awakened Awareness","Kamigawa: Neon Dynasty","neo","Enchantment — Aura","","","","EN","",""
"133791","Behold the Unspeakable","Kamigawa: Neon Dynasty","neo","Enchantment — Saga // Enchantment Creature — Spirit","","","","EN","",""
"133792","Covert Technician","Kamigawa: Neon Dynasty","neo","Artifact Creature — Human Ninja","","","","EN","",""
"133793","Discover the Impossible","Kamigawa: Neon Dynasty","neo","Instant","","","","EN","",""
"133795","Essence Capture","Kamigawa: Neon Dynasty","neo","Instant","","","","EN","",""
"133796","Futurist Operative","Kamigawa: Neon Dynasty","neo","Creature — Human Ninja","","","","EN","",""
"133806","Mirrorshell Crab","Kamigawa: Neon Dynasty","neo","Artifact Creature — Crab","","","","EN","",""
"133808","Mobilizer Mech","Kamigawa: Neon Dynasty","neo","Artifact — Vehicle","","","","EN","",""
"133814","Network Disruptor","Kamigawa: Neon Dynasty","neo","Artifact Creature — Moonfolk Rogue","","","","EN","",""
"133828","Thirst for Knowledge","Kamigawa: Neon Dynasty","neo","Instant","","","","EN","",""
"133839","Enormous Energy Blade","Kamigawa: Neon Dynasty","neo","Artifact — Equipment","","","","EN","",""
"133853","Malicious Malfunction","Kamigawa: Neon Dynasty","neo","Sorcery","","","","EN","",""
"133861","Okiba Salvage","Kamigawa: Neon Dynasty","neo","Sorcery","","","","EN","",""
"133871","Virus Beetle","Kamigawa: Neon Dynasty","neo","Artifact Creature — Insect","","","","EN","",""
"133878","Bronzeplate Boar","Kamigawa: Neon Dynasty","neo","Artifact Creature — Equipment Boar","","","","EN","",""
"133889","Heiko Yamazaki, the General","Kamigawa: Neon Dynasty","neo","Legendary Creature — Human Samurai","","","","EN","",""
"133904","Seismic Wave","Kamigawa: Neon Dynasty","neo","Instant","","","","EN","",""
"133907","Sokenzan Smelter","Kamigawa: Neon Dynasty","neo","Creature — Goblin Artificer","","","","EN","",""
"133911","Twinshot Sniper","Kamigawa: Neon Dynasty","neo","Artifact Creature — Goblin Archer","","","","EN","",""
"133913","Upriser Renegade","Kamigawa: Neon Dynasty","neo","Creature — Human Samurai","","","","EN","",""
"133915","Azusa's Many Journeys","Kamigawa: Neon Dynasty","neo","Enchantment — Saga // Enchantment Creature — Human Monk","","","","EN","",""
"133918","Blossom Prancer","Kamigawa: Neon Dynasty","neo","Creature — Spirit","","","","EN","",""
"133919","Boon of Boseiju","Kamigawa: Neon Dynasty","neo","Instant","","","","EN","",""
"133920","Boseiju Reaches Skyward","Kamigawa: Neon Dynasty","neo","Enchantment — Saga // Enchantment Creature — Plant","","","","EN","",""
"133923","Commune with Spirits","Kamigawa: Neon Dynasty","neo","Sorcery","","","","EN","",""
"133926","Fang of Shigeki","Kamigawa: Neon Dynasty","neo","Enchantment Creature — Snake Ninja","","","","EN","",""
"133946","Orochi Merge-Keeper","Kamigawa: Neon Dynasty","neo","Creature — Snake Druid","","","","EN","",""
"133952","Storyweave","Kamigawa: Neon Dynasty","neo","Instant","","","","EN","",""
"133957","Webspinner Cuff","Kamigawa: Neon Dynasty","neo","Artifact Creature — Equipment Spider","","","","EN","",""
"133958","Asari Captain","Kamigawa: Neon Dynasty","neo","Creature — Human Samurai","","","","EN","",""
"133972","Naomi, Pillar of Order","Kamigawa: Neon Dynasty","neo","Legendary Creature — Human Advisor","","","","EN","",""
"133991","Iron Apprentice","Kamigawa: Neon Dynasty","neo","Artifact Creature — Construct","","","","EN","",""
"133994","Network Terminal","Kamigawa: Neon Dynasty","neo","Artifact","","","","EN","",""
"133999","Reito Sentinel","Kamigawa: Neon Dynasty","neo","Artifact Creature — Construct","","","","EN","",""
"134005","Towashi Guide-Bot","Kamigawa: Neon Dynasty","neo","Artifact Creature — Construct","","","","EN","",""
"134006","Walking Skyscraper","Kamigawa: Neon Dynasty","neo","Artifact Creature — Construct","","","","EN","",""
"134007","Bloodfell Caves","Kamigawa: Neon Dynasty","NEO","Land","","","","EN","",""
"134008","Blossoming Sands","Kamigawa: Neon Dynasty","NEO","Land","","","","EN","",""
"134012","Jungle Hollow","Kamigawa: Neon Dynasty","NEO","Land","","","","EN","",""
"134020","Swiftwater Cliffs","Kamigawa: Neon Dynasty","NEO","Land","","","","EN","",""
"134022","Thornwood Falls","Kamigawa: Neon Dynasty","neo","Land","","","","EN","",""
"134023","Tranquil Cove","Kamigawa: Neon Dynasty","NEO","Land","","","","EN","",""
"134025","Wind-Scarred Crag","Kamigawa: Neon Dynasty","NEO","Land","","","","EN","",""
"134033","Upriser Renegade (Showcase)","Kamigawa: Neon Dynasty","NEO","Creature - Human Samurai","","","","EN","",""
"134075","Sky-Blessed Samurai (Showcase)","Kamigawa: Neon Dynasty","NEO","Enchantment Creature — Human Samurai","","","","EN","",""
"134104","Norika Yamazaki, the Poet (Showcase)","Kamigawa: Neon Dynasty","NEO","Legendary Creature — Human Samurai","","","","EN","",""
"134116","Moon-Circuit Hacker (Showcase)","Kamigawa: Neon Dynasty","NEO","Enchantment Creature — Human Ninja","","","","EN","",""
"134147","Kappa Tech-Wrecker (Showcase)","Kamigawa: Neon Dynasty","NEO","Creature — Turtle Ninja","","","","EN","",""
"134198","Futurist Operative (Showcase)","Kamigawa: Neon Dynasty","NEO","Creature — Human Ninja","","","","EN","",""
"134226","Blade-Blizzard Kitsune (Showcase)","Kamigawa: Neon Dynasty","NEO","Creature — Fox Ninja","","","","EN","",""
"134390","Treasure Token","Kamigawa: Neon Dynasty","NEO","Token Artifact — Treasure","","","","EN","",""
"134396","Spirit (002) // Treasure (017) Double Sided Token","Kamigawa: Neon Dynasty","NEO","Token Creature — Spirit","","","","EN","",""
"134400","Pilot Token","Kamigawa: Neon Dynasty","NEO","Token Creature — Pilot","","","","EN","",""
"134404","Human Monk Token","Kamigawa: Neon Dynasty","NEO","Token Creature — Human Monk","","","","EN","",""
"134921","Helper Card - 8/9","Kamigawa: Neon Dynasty","NEO","Token","","","","EN","",""
"134950","Spirit (002) // Spirit (011) Double-sided Token","Kamigawa: Neon Dynasty","NEO","Token Creature — Spirit","","","","EN","",""
"133794","Disruption Protocol","Kamigawa: Neon Dynasty","neo","Instant","","","","EN","",""
"133835","Debt to the Kami","Kamigawa: Neon Dynasty","neo","Instant","","","","EN","",""
"133870","Unforgiving One","Kamigawa: Neon Dynasty","neo","Creature — Spirit","","","","EN","",""
"133885","Flame Discharge","Kamigawa: Neon Dynasty","neo","Instant","","","","EN","",""
"133893","Kami's Flare","Kamigawa: Neon Dynasty","neo","Instant","","","","EN","",""
"133914","Voltage Surge","Kamigawa: Neon Dynasty","neo","Instant","","","","EN","",""
"133935","Historian's Wisdom","Kamigawa: Neon Dynasty","neo","Enchantment — Aura","","","","EN","",""
"133983","Bronze Cudgels","Kamigawa: Neon Dynasty","neo","Artifact — Equipment","","","","EN","",""
"134024","Uncharted Haven","Kamigawa: Neon Dynasty","neo","Land","","","","EN","",""
"134926","Samurai (003) // Emblem - Tezzeret, Betrayer of Flesh Double-sided Token","Kamigawa: Neon Dynasty","NEO","Token","","","","EN","",""
"133945","Master's Rebuke","Kamigawa: Neon Dynasty","neo","Instant","","","","EN","",""
"133989","Ecologist's Terrarium","Kamigawa: Neon Dynasty","neo","Artifact","","","","EN","",""
"134941","Spirit (002) // Dragon Spirit (007) Double-sided Token","Kamigawa: Neon Dynasty","NEO","Token Creature — Spirit","","","","EN","",""
"133852","The Long Reach of Night","Kamigawa: Neon Dynasty","neo","Enchantment — Saga // Enchantment Creature — Spirit","","","","EN","",""
"133855","Mukotai Ambusher","Kamigawa: Neon Dynasty","neo","Artifact Creature — Rat Ninja","","","","EN","",""
"134000","Runaway Trash-Bot","Kamigawa: Neon Dynasty","neo","Artifact Creature — Construct","","","","EN","",""
"134027","Island (285)","Kamigawa: Neon Dynasty","neo","Basic Land — Island","","","","EN","",""
"134394","Spirit Token (009)","Kamigawa: Neon Dynasty","NEO","Token Creature — Spirit","","","","EN","",""
"134409","Construct Token (015)","Kamigawa: Neon Dynasty","NEO","Token Artifact Creature — Construct","","","","EN","",""
"134922","Helper Card - 9/9","Kamigawa: Neon Dynasty","NEO","Token","","","","EN","",""
"133869","Undercity Scrounger","Kamigawa: Neon Dynasty","neo","Artifact Creature — Human Rogue","","","","EN","",""
"133932","Greater Tanuki","Kamigawa: Neon Dynasty","neo","Enchantment Creature — Dog","","","","EN","",""
"133744","Ancestral Katana","Kamigawa: Neon Dynasty","neo","Artifact — Equipment","","","","EN","",""
"133752","Dragonfly Suit","Kamigawa: Neon Dynasty","neo","Artifact — Vehicle","","","","EN","",""
"133753","Eiganjo Exemplar","Kamigawa: Neon Dynasty","neo","Enchantment Creature — Human Samurai","","","","EN","",""
"133754","Era of Enlightenment","Kamigawa: Neon Dynasty","neo","Enchantment — Saga // Enchantment Creature — Human Monk","","","","EN","",""
"133755","The Fall of Lord Konda","Kamigawa: Neon Dynasty","neo","Enchantment — Saga // Enchantment Creature — Human Noble","","","","EN","",""
"133758","Golden-Tail Disciple","Kamigawa: Neon Dynasty","neo","Enchantment Creature — Fox Monk","","","","EN","",""
"133760","Imperial Oath","Kamigawa: Neon Dynasty","neo","Sorcery","","","","EN","",""
"133762","Imperial Subduer","Kamigawa: Neon Dynasty","neo","Creature — Human Samurai","","","","EN","",""
"133763","Intercessor's Arrest","Kamigawa: Neon Dynasty","neo","Enchantment — Aura","","","","EN","",""
"133765","Kitsune Ace","Kamigawa: Neon Dynasty","neo","Creature — Fox Pilot","","","","EN","",""
"133767","Light the Way","Kamigawa: Neon Dynasty","neo","Instant","","","","EN","",""
"133770","Lucky Offering","Kamigawa: Neon Dynasty","neo","Sorcery","","","","EN","",""
"133773","Mothrider Patrol","Kamigawa: Neon Dynasty","neo","Creature — Fox Warrior","","","","EN","",""
"133775","Regent's Authority","Kamigawa: Neon Dynasty","neo","Instant","","","","EN","",""
"133779","Seven-Tail Mentor","Kamigawa: Neon Dynasty","neo","Creature — Fox Samurai","","","","EN","",""
"133782","Sunblade Samurai","Kamigawa: Neon Dynasty","neo","Enchantment Creature — Human Samurai","","","","EN","",""
"133784","Wanderer's Intervention","Kamigawa: Neon Dynasty","neo","Instant","","","","EN","",""
"133789","Armguard Familiar","Kamigawa: Neon Dynasty","neo","Artifact Creature — Equipment Beast","","","","EN","",""
"133797","Futurist Sentinel","Kamigawa: Neon Dynasty","neo","Artifact — Vehicle","","","","EN","",""
"133807","Mnemonic Sphere","Kamigawa: Neon Dynasty","neo","Artifact","","","","EN","",""
"133809","The Modern Age","Kamigawa: Neon Dynasty","neo","Enchantment — Saga // Enchantment Creature — Spirit","","","","EN","",""
"133811","Moonfolk Puzzlemaker","Kamigawa: Neon Dynasty","neo","Artifact Creature — Moonfolk Wizard","","","","EN","",""
"133813","Moonsnare Specialist","Kamigawa: Neon Dynasty","neo","Creature — Human Ninja","","","","EN","",""
"133826","Tamiyo's Compleation","Kamigawa: Neon Dynasty","neo","Enchantment — Aura","","","","EN","",""
"133834","Clawing Torment","Kamigawa: Neon Dynasty","neo","Enchantment — Aura","","","","EN","",""
"133846","Kaito's Pursuit","Kamigawa: Neon Dynasty","neo","Sorcery","","","","EN","",""
"133848","Kami of Terrible Secrets","Kamigawa: Neon Dynasty","neo","Creature — Spirit","","","","EN","",""
"133850","Lethal Exploit","Kamigawa: Neon Dynasty","neo","Instant","","","","EN","",""
"133851","Life of Toshiro Umezawa","Kamigawa: Neon Dynasty","neo","Enchantment — Saga // Enchantment Creature — Human Samurai","","","","EN","",""
"133858","Nezumi Bladeblesser","Kamigawa: Neon Dynasty","neo","Creature — Rat Samurai","","","","EN","",""
"133860","Okiba Reckoner Raid","Kamigawa: Neon Dynasty","neo","Enchantment — Saga // Enchantment Creature — Rat Rogue","","","","EN","",""
"133864","Return to Action","Kamigawa: Neon Dynasty","neo","Instant","","","","EN","",""
"133868","Twisted Embrace","Kamigawa: Neon Dynasty","neo","Enchantment — Aura","","","","EN","",""
"133872","You Are Already Dead","Kamigawa: Neon Dynasty","neo","Instant","","","","EN","",""
"133875","Akki War Paint","Kamigawa: Neon Dynasty","neo","Enchantment — Aura","","","","EN","",""
"133876","Ambitious Assault","Kamigawa: Neon Dynasty","neo","Instant","","","","EN","",""
"133882","Explosive Entry","Kamigawa: Neon Dynasty","neo","Sorcery","","","","EN","",""
"133891","Ironhoof Boar","Kamigawa: Neon Dynasty","neo","Artifact Creature — Boar","","","","EN","",""
"133899","Peerless Samurai","Kamigawa: Neon Dynasty","neo","Creature — Human Samurai","","","","EN","",""
"133905","The Shattered States Era","Kamigawa: Neon Dynasty","neo","Enchantment — Saga // Enchantment Creature — Human Samurai","","","","EN","",""
"133906","Simian Sling","Kamigawa: Neon Dynasty","neo","Artifact Creature — Equipment Monkey","","","","EN","",""
"133916","Bamboo Grove Archer","Kamigawa: Neon Dynasty","neo","Enchantment Creature — Snake Archer","","","","EN","",""
"133921","Careful Cultivation","Kamigawa: Neon Dynasty","neo","Enchantment — Aura","","","","EN","",""
"133931","Grafted Growth","Kamigawa: Neon Dynasty","neo","Enchantment — Aura","","","","EN","",""
"133933","Harmonious Emergence","Kamigawa: Neon Dynasty","neo","Enchantment — Aura","","","","EN","",""
"133948","Season of Renewal","Kamigawa: Neon Dynasty","neo","Instant","","","","EN","",""
"133982","Automated Artificer","Kamigawa: Neon Dynasty","neo","Artifact Creature — Artificer","","","","EN","",""
"133984","Brute Suit","Kamigawa: Neon Dynasty","neo","Artifact — Vehicle","","","","EN","",""
"133995","Ninja's Kunai","Kamigawa: Neon Dynasty","neo","Artifact — Equipment","","","","EN","",""
"133996","Papercraft Decoy","Kamigawa: Neon Dynasty","neo","Artifact Creature — Frog","","","","EN","",""
"134001","Searchlight Companion","Kamigawa: Neon Dynasty","neo","Artifact Creature — Drone","","","","EN","",""
"134002","Shrine Steward","Kamigawa: Neon Dynasty","neo","Artifact Creature — Construct","","","","EN","",""
"134004","Thundersteel Colossus","Kamigawa: Neon Dynasty","neo","Artifact — Vehicle","","","","EN","",""
"134026","Plains (283)","Kamigawa: Neon Dynasty","neo","Basic Land — Plains","","","","EN","",""
"134029","Mountain (289)","Kamigawa: Neon Dynasty","neo","Basic Land — Mountain","","","","EN","",""
"134030","Forest (291)","Kamigawa: Neon Dynasty","neo","Basic Land — Forest","","","","EN","",""
"134067","Sunblade Samurai (Showcase)","Kamigawa: Neon Dynasty","NEO","Enchantment Creature — Human Samurai","","","","EN","",""
"134096","Plains (284)","Kamigawa: Neon Dynasty","NEO","Basic Land — Plains","","","","EN","",""
"134099","Peerless Samurai (Showcase)","Kamigawa: Neon Dynasty","NEO","Creature — Human Samurai","","","","EN","",""
"134106","Nezumi Bladeblesser (Showcase)","Kamigawa: Neon Dynasty","NEO","Creature — Rat Samurai","","","","EN","",""
"134111","Mukotai Ambusher (Showcase)","Kamigawa: Neon Dynasty","NEO","Artifact Creature — Rat Ninja","","","","EN","",""
"134112","Mountain (290)","Kamigawa: Neon Dynasty","NEO","Basic Land — Mountain","","","","EN","",""
"134115","Moonsnare Specialist (Showcase)","Kamigawa: Neon Dynasty","NEO","Creature — Human Ninja","","","","EN","",""
"134164","Island (286)","Kamigawa: Neon Dynasty","NEO","Basic Land — Island","","","","EN","",""
"134179","Inkrise Infiltrator (Showcase)","Kamigawa: Neon Dynasty","NEO","Creature — Human Ninja","","","","EN","",""
"134199","Forest (292)","Kamigawa: Neon Dynasty","NEO","Basic Land — Forest","","","","EN","",""
"134204","Fang of Shigeki (Showcase)","Kamigawa: Neon Dynasty","NEO","Enchantment Creature — Snake Ninja","","","","EN","",""
"134213","Eiganjo Exemplar (Showcase)","Kamigawa: Neon Dynasty","NEO","Enchantment Creature — Human Samurai","","","","EN","",""
"134398","Samurai Token","Kamigawa: Neon Dynasty","NEO","Token Creature — Samurai","","","","EN","",""
"134410","Construct Token (006)","Kamigawa: Neon Dynasty","NEO","Token Artifact Creature — Construct","","","","EN","",""
"134932","Samurai (003) // Pilot (001) Double-sided Token","Kamigawa: Neon Dynasty","NEO","Token","","","","EN","",""
"134933","Samurai (003) // Rat Rogue (005) Double-sided Token","Kamigawa: Neon Dynasty","NEO","Token","","","","EN","",""
"136349","Magic Minigame: Winchester Draft","Kamigawa: Neon Dynasty","NEO","Token","","","","EN","",""
"133776","Repel the Vile","Kamigawa: Neon Dynasty","neo","Instant","","","","EN","",""
"133824","Suit Up","Kamigawa: Neon Dynasty","neo","Instant","","","","EN","",""
"133833","Chainflail Centipede","Kamigawa: Neon Dynasty","neo","Artifact Creature — Equipment Insect","","","","EN","",""
"133847","Kami of Restless Shadows","Kamigawa: Neon Dynasty","neo","Creature — Spirit","","","","EN","",""
"133873","Akki Ember-Keeper","Kamigawa: Neon Dynasty","neo","Enchantment Creature — Goblin Warrior","","","","EN","",""
"133874","Akki Ronin","Kamigawa: Neon Dynasty","neo","Creature — Goblin Samurai","","","","EN","",""
"133879","Crackling Emergence","Kamigawa: Neon Dynasty","neo","Enchantment — Aura","","","","EN","",""
"133892","Kami of Industry","Kamigawa: Neon Dynasty","neo","Creature — Spirit","","","","EN","",""
"133925","Fade into Antiquity","Kamigawa: Neon Dynasty","neo","Sorcery","","","","EN","",""
"133987","Dramatist's Puppet","Kamigawa: Neon Dynasty","neo","Artifact Creature — Construct","","","","EN","",""
"134217","Dokuchi Shadow-Walker (Showcase)","Kamigawa: Neon Dynasty","NEO","Creature — Ogre Ninja","","","","EN","",""
"134395","Spirit Token (002)","Kamigawa: Neon Dynasty","NEO","Token Creature — Spirit","","","","EN","",""
"134948","Spirit (002) // Rat Rogue (005) Double-sided Token","Kamigawa: Neon Dynasty","NEO","Token Creature — Spirit","","","","EN","",""
"134944","Spirit (002) // Human Monk (010) Double-sided Token","Kamigawa: Neon Dynasty","NEO","Token Creature — Spirit","","","","EN","",""
"133820","Saiba Trespassers","Kamigawa: Neon Dynasty","neo","Artifact Creature — Moonfolk Rogue","","","","EN","",""
"133822","Skyswimmer Koi","Kamigawa: Neon Dynasty","neo","Creature — Fish","","","","EN","",""
"133843","Inkrise Infiltrator","Kamigawa: Neon Dynasty","neo","Creature — Human Ninja","","","","EN","",""
"133862","Reckoner Shakedown","Kamigawa: Neon Dynasty","neo","Sorcery","","","","EN","",""
"133922","Coiling Stalker","Kamigawa: Neon Dynasty","neo","Creature — Snake Ninja","","","","EN","",""
"133927","Favor of Jukai","Kamigawa: Neon Dynasty","neo","Enchantment — Aura","","","","EN","",""
"133938","Jukai Preserver","Kamigawa: Neon Dynasty","neo","Enchantment Creature — Human Druid","","","","EN","",""
"134079","Seven-Tail Mentor (Showcase)","Kamigawa: Neon Dynasty","NEO","Creature — Fox Samurai","","","","EN","",""
"134180","Imperial Subduer (Showcase)","Kamigawa: Neon Dynasty","NEO","Creature — Human Samurai","","","","EN","",""
"134193","Guardians of Oboro (Showcase)","Kamigawa: Neon Dynasty","NEO","Creature — Moonfolk Samurai","","","","EN","",""
"134936","Samurai (003) // Spirit (012) Double-sided Token","Kamigawa: Neon Dynasty","NEO","Token","","","","EN","",""
"133929","Geothermal Kami","Kamigawa: Neon Dynasty","neo","Creature — Spirit","","","","EN","",""
"133934","Heir of the Ancient Fang","Kamigawa: Neon Dynasty","neo","Creature — Snake Samurai","","","","EN","",""
"133953","Tales of Master Seshiro","Kamigawa: Neon Dynasty","neo","Enchantment — Saga // Enchantment Creature — Snake Warrior","","","","EN","",""
"134219","Coiling Stalker (Showcase)","Kamigawa: Neon Dynasty","NEO","Creature — Snake Ninja","","","","EN","",""
"134237","Akki Ronin (Showcase)","Kamigawa: Neon Dynasty","NEO","Creature — Goblin Samurai","","","","EN","",""
"134924","Samurai (003) // Construct (015) Double-sided Token","Kamigawa: Neon Dynasty","NEO","Token","","","","EN","",""
"133747","Befriending the Moths","Kamigawa: Neon Dynasty","neo","Enchantment — Saga // Enchantment Creature — Insect","","","","EN","",""
"133799","Guardians of Oboro","Kamigawa: Neon Dynasty","neo","Creature — Moonfolk Samurai","","","","EN","",""
"133821","Short Circuit","Kamigawa: Neon Dynasty","neo","Enchantment — Aura","","","","EN","",""
"133837","Dokuchi Shadow-Walker","Kamigawa: Neon Dynasty","neo","Creature — Ogre Ninja","","","","EN","",""
"133886","Gift of Wrath","Kamigawa: Neon Dynasty","neo","Enchantment — Aura","","","","EN","",""
"133894","Kindled Fury","Kamigawa: Neon Dynasty","neo","Instant","","","","EN","",""
"133903","Scrapyard Steelbreaker","Kamigawa: Neon Dynasty","neo","Artifact Creature — Human Warrior","","","","EN","",""
"133910","Towashi Songshaper","Kamigawa: Neon Dynasty","neo","Artifact Creature — Human Artificer","","","","EN","",""
"133912","Unstoppable Ogre","Kamigawa: Neon Dynasty","neo","Artifact Creature — Ogre Warrior","","","","EN","",""
"133917","Bearer of Memory","Kamigawa: Neon Dynasty","neo","Enchantment Creature — Human Monk","","","","EN","",""
"133939","Jukai Trainee","Kamigawa: Neon Dynasty","neo","Creature — Human Samurai","","","","EN","",""
"134156","Jukai Trainee (Showcase)","Kamigawa: Neon Dynasty","NEO","Creature — Human Samurai","","","","EN","",""
"134191","Heir of the Ancient Fang (Showcase)","Kamigawa: Neon Dynasty","NEO","Creature — Snake Samurai","","","","EN","",""
"134934","Samurai (003) // Spirit (009) Double-sided Token","Kamigawa: Neon Dynasty","NEO","Token","","","","EN","",""
"134940","Spirit (002) // Construct (015) Double-sided Token","Kamigawa: Neon Dynasty","NEO","Token Creature — Spirit","","","","EN","",""
"134939","Spirit (002) // Construct (006) Double-sided Token","Kamigawa: Neon Dynasty","NEO","Token Creature — Spirit","","","","EN","",""
"134928","Samurai (003) // Human Monk (010) Double-sided Token","Kamigawa: Neon Dynasty","NEO","Token","","","","EN","",""
"134938","Samurai (003) // Treasure (017) Double-sided Token","Kamigawa: Neon Dynasty","NEO","Token","","","","EN","",""
{}